file,n_signals,fs_hz,n_samples,duration_min,signals
3008477_0035,6,125.0,2113875,281.9,"RESP, PLETH, ICP, II, V, AVR"
3024851_0011,3,125.0,1429248,190.6,"II, ABP, ICP"
3033031_0182,8,125.0,125,0.0,"RESP, PLETH, ABP, ICP, II, V, AVR, CVP"
3033031_0227,8,125.0,125,0.0,"RESP, PLETH, ABP, ICP, II, V, AVR, CVP"
3033031_0372,8,125.0,125,0.0,"RESP, PLETH, ABP, ICP, II, V, AVR, CVP"
3033031_0447,8,125.0,125,0.0,"RESP, PLETH, ABP, ICP, II, V, AVR, CVP"
3033031_0487,7,125.0,125,0.0,"RESP, PLETH, ICP, II, V, AVR, CVP"
3033031_0488,7,125.0,125,0.0,"RESP, PLETH, ICP, II, V, AVR, CVP"
3033031_0710,8,125.0,86625,11.6,"RESP, PLETH, ABP, ICP, II, I, V, CVP"
3033031_0762,8,125.0,125,0.0,"RESP, PLETH, ABP, ICP, II, I, V, CVP"
3033031_0815,8,125.0,29375,3.9,"RESP, PLETH, ABP, ICP, II, I, V, CVP"
3033031_0835,8,125.0,125,0.0,"RESP, PLETH, ABP, ICP, II, V, AVR, CVP"
3033031_0860,8,125.0,125,0.0,"RESP, PLETH, ABP, ICP, II, V, AVR, CVP"
3033031_0975,8,125.0,125,0.0,"RESP, PLETH, ABP, ICP, II, V, AVR, CVP"
3033031_0996,8,125.0,125,0.0,"RESP, PLETH, ABP, ICP, II, V, AVR, CVP"
3036020_0009,2,125.0,4625,0.6,"II, ICP"
3036020_0028,3,125.0,389625,52.0,"II, PLETH, ICP"
3036020_0046,3,125.0,125,0.0,"II, PLETH, ICP"
3037727_0034,8,125.0,3011125,401.5,"RESP, ABP, ICP, PLETH, II, V, AVR, CVP"
3047924_0008,4,125.0,500,0.1,"RESP, PLETH, ABP, ICP"
3048686_0052,2,125.0,1828674,243.8,"II, ICP"
3051716_0001,5,125.0,125,0.0,"ABP, RESP, PLETH, ICP, ART"
3057242_0005,3,125.0,2152875,287.1,"II, ABP, ICP"
3065038_0041,2,125.0,125,0.0,"PLETH, ICP"
3085895_0010,3,125.0,625,0.1,"II, ABP, ICP"
3087665_0018,4,125.0,382848,51.0,"II, ABP, PLETH, ICP"
3087665_0041,4,125.0,64287,8.6,"II, ABP, PLETH, ICP"
3091755_0016,7,125.0,64750,8.6,"RESP, ABP, II, V, AVR, PLETH, ICP"
3105502_0038,7,125.0,125,0.0,"RESP, ABP, PLETH, ICP, II, V, AVR"
3105502_0040,7,125.0,396500,52.9,"RESP, ABP, PLETH, ICP, II, V, AVR"
3111724_0025,6,125.0,125,0.0,"ABP, PLETH, II, V, AVR, ICP"
3111724_0064,6,125.0,125,0.0,"ABP, PLETH, II, V, AVR, ICP"
3111724_0107,6,125.0,125,0.0,"ABP, PLETH, II, V, AVR, ICP"
3111724_0128,6,125.0,125,0.0,"ABP, PLETH, II, V, AVR, ICP"
3111724_0181,6,125.0,125,0.0,"ABP, PLETH, II, V, AVR, ICP"
3111724_0208,6,125.0,125,0.0,"ABP, PLETH, II, V, AVR, ICP"
3111724_0230,6,125.0,125,0.0,"ABP, PLETH, II, V, AVR, ICP"
3126610_0024,7,125.0,125,0.0,"RESP, ABP, ICP, PLETH, II, V, AVR"
3126610_0038,6,125.0,875,0.1,"RESP, ABP, ICP, II, V, AVR"
3130355_0019,6,125.0,21625,2.9,"ABP, RESP, ICP, II, III, V"
3131047_0028,3,125.0,115328,15.4,"II, ABP, ICP"
3131047_0054,2,125.0,555201,74.0,"II, ICP"
3131047_0101,2,125.0,171659,22.9,"I, ICP"
3137571_0079,7,125.0,125,0.0,"RESP, ABP, PLETH, ICP, V, III, II"
3142515_0020,8,125.0,125,0.0,"RESP, ABP, PLETH, III, V, II, ICP, CVP"
3148126_0028,7,125.0,1205875,160.8,"RESP, ABP, ICP, II, V, AVR, PLETH"
3154766_0017,4,125.0,42875,5.7,"II, ABP, PLETH, ICP"
3155660_0046,2,125.0,1375,0.2,"III, ICP"
3159282_0047,6,125.0,250,0.0,"ICP, II, V, AVR, CVP, ABP"
3160820_0016,7,125.0,4625,0.6,"RESP, V, II, AVR, ICP, ABP, PLETH"
3162743_0111,7,125.0,125,0.0,"RESP, II, III, V, ABP, PLETH, ICP"
3162743_0129,7,125.0,125,0.0,"RESP, II, III, V, ABP, PLETH, ICP"
3162743_0148,7,125.0,66625,8.9,"RESP, II, III, V, ABP, PLETH, ICP"
3162743_0157,7,125.0,441375,58.9,"RESP, II, III, V, ABP, PLETH, ICP"
3162743_0207,7,125.0,140250,18.7,"RESP, II, III, V, ABP, PLETH, ICP"
3162743_0255,7,125.0,29000,3.9,"RESP, II, III, V, ABP, PLETH, ICP"
3162743_0343,8,125.0,125,0.0,"RESP, ABP, PLETH, ICP, II, III, V, CVP"
3162743_0357,8,125.0,125,0.0,"RESP, ABP, PLETH, ICP, II, III, V, CVP"
3162743_0404,8,125.0,88625,11.8,"RESP, ABP, PLETH, ICP, II, III, V, CVP"
3162743_0440,8,125.0,125,0.0,"RESP, ABP, PLETH, ICP, II, III, V, CVP"
3162743_0467,8,125.0,118625,15.8,"RESP, ABP, PLETH, II, III, V, ICP, CVP"
3162743_0515,8,125.0,125,0.0,"RESP, ABP, PLETH, CVP, ICP, II, III, V"
3162743_0554,8,125.0,125,0.0,"RESP, ABP, PLETH, CVP, ICP, II, III, V"
3162743_0571,8,125.0,125,0.0,"RESP, ABP, PLETH, CVP, ICP, II, III, V"
3169632_0009,7,125.0,125,0.0,"II, V, AVR, ABP, RESP, PLETH, ICP"
3171933_0023,2,125.0,250,0.0,"ABP, ICP"
3184355_0011,7,125.0,4125,0.6,"PLETH, RESP, ICP, ABP, II, MCL, AVR"
3184836_0101,3,125.0,451840,60.2,"V, ABP, ICP"
3189000_0034,7,125.0,583250,77.8,"RESP, II, V, AVR, PLETH, ABP, ICP"
3193929_0130,5,125.0,125,0.0,"PLETH, ICP, II, V, AVR"
3196680_0012,7,125.0,311500,41.5,"RESP, PLETH, ICP, ABP, II, V, AVR"
3196680_0015,7,125.0,615125,82.0,"RESP, PLETH, ICP, ABP, II, V, AVR"
3206518_0011,8,125.0,2125,0.3,"RESP, ABP, PLETH, II, V, AVR, UAP, ICP"
3206581_0007,7,125.0,125,0.0,"ABP, RESP, PLETH, II, V, AVR, ICP"
3207739_0022,3,125.0,746,0.1,"III, ICP, PLETH"
3220952_0002,6,125.0,5875,0.8,"ICP, RESP, ART, II, V, AVR"
3230691_0044,6,125.0,125,0.0,"RESP, PLETH, ICP, V, III, II"
3236755_0029,3,125.0,1551875,206.9,"MCL, ABP, ICP"
3241160_0011,3,125.0,5794625,772.6,"II, ABP, ICP"
3241550_0014,3,125.0,250,0.0,"ABP, PLETH, ICP"
3242613_0079,7,125.0,125,0.0,"RESP, II, V, AVR, ABP, ICP, PLETH"
3242613_0199,7,125.0,125,0.0,"RESP, II, V, AVR, ABP, ICP, PLETH"
3242613_0450,7,125.0,125,0.0,"RESP, II, V, AVR, ABP, ICP, PLETH"
3242613_0469,7,125.0,125,0.0,"RESP, II, V, AVR, ABP, ICP, PLETH"
3242613_0649,7,125.0,383875,51.2,"RESP, II, V, AVR, ICP, PLETH, ABP"
3242613_0671,7,125.0,2206125,294.1,"RESP, II, V, AVR, ICP, PLETH, ABP"
3244990_0012,6,125.0,16750,2.2,"RESP, PLETH, II, V, AVR, ICP"
3252371_0023,7,125.0,130750,17.4,"RESP, ABP, PLETH, II, V, AVR, ICP"
3260033_0019,6,125.0,14250,1.9,"II, V, AVR, PLETH, RESP, ICP"
3260033_0035,7,125.0,125,0.0,"II, V, AVR, RESP, PLETH, ICP, ABP"
3262086_0015,6,125.0,79250,10.6,"ICP, ABP, PLETH, II, V, AVR"
3262086_0039,7,125.0,125,0.0,"ICP, ABP, PLETH, II, V, AVR, RESP"
3262086_0055,7,125.0,1056000,140.8,"ICP, RESP, PLETH, II, V, AVR, ABP"
3270954_0001,6,125.0,1468375,195.8,"PLETH, ABP, ICP, II, V, AVR"
3270980_0021,7,125.0,125,0.0,"II, MCL, AVR, PLETH, ICP, ABP, RESP"
3270980_0044,7,125.0,149875,20.0,"II, MCL, AVR, PLETH, ICP, ABP, RESP"
3275119_0034,4,125.0,750,0.1,"II, ABP, PLETH, ICP"
3278966_0008,3,125.0,4334047,577.9,"II, ABP, ICP"
3278966_0033,2,125.0,51625,6.9,"II, ICP"
3278966_0036,3,125.0,30000,4.0,"II, ABP, ICP"
3289177_0016,7,125.0,125,0.0,"RESP, PLETH, ABP, ICP, II, V, AVR"
3289177_0027,7,125.0,1068375,142.4,"RESP, PLETH, ABP, ICP, II, V, AVR"
3289177_0034,6,125.0,4596500,612.9,"PLETH, ABP, ICP, II, V, AVR"
3289240_0008,6,125.0,8500,1.1,"PLETH, RESP, ICP, II, III, V"
3297093_0070,3,125.0,94,0.0,"II, ABP, ICP"
3303970_0007,4,125.0,15933,2.1,"II, ABP, PAP, ICP"
3305256_0036,4,125.0,250,0.0,"ICP, RESP, ABP, PLETH"
3314216_0030,6,125.0,3414250,455.2,"RESP, ICP, PLETH, II, V, AVR"
3320699_0056,6,125.0,3875,0.5,"RESP, ABP, ICP, II, III, V"
3320699_0077,6,125.0,4250,0.6,"RESP, ABP, II, III, V, ICP"
3325729_0001,6,125.0,108125,14.4,"RESP, PLETH, ICP, II, V, AVR"
3325729_0019,7,125.0,1473375,196.4,"PLETH, IC2, ICP, RESP, II, V, AVR"
3325729_0047,6,125.0,1125,0.1,"PLETH, ICP, RESP, I, V, II"
3330060_0002,6,125.0,6000,0.8,"II, V, AVR, RESP, PLETH, ICP"
3355175_0017,6,125.0,7000,0.9,"RESP, ABP, II, V, AVR, ICP"
3360383_0071,7,125.0,125,0.0,"II, V, AVR, RESP, ABP, ICP, PLETH"
3360383_0080,7,125.0,125,0.0,"II, V, AVR, RESP, ABP, ICP, PLETH"
3363366_0019,7,125.0,9500,1.3,"ABP, PLETH, ICP, I, V, II, RESP"
3367596_0008,7,125.0,689000,91.9,"PLETH, RESP, II, V, AVR, ICP, ABP"
3369977_0025,6,125.0,1375,0.2,"II, III, ABP, V, PLETH, ICP"
3369977_0029,6,125.0,1375,0.2,"II, III, ABP, V, PLETH, ICP"
3382052_0012,8,125.0,6625,0.9,"RESP, ICP, PLETH, ABP, CVP, II, V, AVR"
3382052_0041,8,125.0,375,0.1,"IC1, ICP, PLETH, ABP, CVP, II, V, AVR"
3382386_0009,7,125.0,69125,9.2,"RESP, ICP, II, V, AVR, PLETH, ABP"
3404296_0034,7,125.0,125,0.0,"RESP, ABP, PLETH, II, V, AVR, ICP"
3408465_0136,7,125.0,8875,1.2,"II, V, AVR, ABP, RESP, ICP, PLETH"
3408465_0152,6,125.0,1257750,167.7,"II, V, AVR, RESP, ICP, PLETH"
3408465_0178,6,125.0,869750,116.0,"II, V, AVR, PLETH, RESP, ICP"
3408465_0219,8,125.0,2000,0.3,"II, V, AVR, PLETH, RESP, ICP, ABP, CVP"
3408465_0275,8,125.0,125,0.0,"PLETH, RESP, CVP, ABP, ICP, II, V, AVR"
3413674_0006,6,125.0,1004125,133.9,"RESP, II, MCL, AVR, PLETH, ICP"
3439233_0027,6,125.0,34625,4.6,"RESP, II, MCL, AVR, CO2, ABP"
3441445_0001,3,125.0,250,0.0,"RESP, ICP, PLETH"
3453290_0129,6,125.0,125,0.0,"RESP, PLETH, II, V, AVR, ICP"
3466911_0064,7,125.0,125,0.0,"RESP, PLETH, ABP, ICP, II, V, AVR"
3469771_0049,3,125.0,42368,5.6,"III, ABP, ICP"
3469771_0082,3,125.0,1418240,189.1,"III, ABP, ICP"
3469771_0091,3,125.0,2560,0.3,"III, ABP, ICP"
3469771_0118,3,125.0,768,0.1,"III, ABP, ICP"
3471901_0022,2,125.0,125,0.0,"II, ICP"
3482284_0040,8,125.0,1040750,138.8,"RESP, PLETH, ICP, ABP, II, V, AVR, CVP"
3482284_0248,8,125.0,125,0.0,"RESP, PLETH, ICP, ABP, II, V, AVR, CVP"
3482284_0398,8,125.0,57875,7.7,"RESP, ICP, PLETH, I, V, II, ABP, CVP"
3482284_0429,8,125.0,122625,16.4,"RESP, ICP, PLETH, II, V, AVR, ABP, CVP"
3482284_0560,8,125.0,149250,19.9,"RESP, ICP, PLETH, II, V, AVR, ABP, CVP"
3482284_0571,8,125.0,125,0.0,"RESP, ICP, PLETH, II, V, AVR, ABP, CVP"
3482284_0622,8,125.0,125,0.0,"RESP, ICP, PLETH, II, V, AVR, ABP, CVP"
3482284_0667,8,125.0,20750,2.8,"RESP, ICP, PLETH, II, V, AVR, ABP, CVP"
3482284_0697,8,125.0,118875,15.8,"RESP, ICP, PLETH, II, V, AVR, ABP, CVP"
3482284_0716,8,125.0,125,0.0,"RESP, ICP, PLETH, II, V, AVR, ABP, CVP"
3482284_0793,8,125.0,306000,40.8,"RESP, ICP, PLETH, II, V, AVR, ABP, CVP"
3483154_0032,3,125.0,1872981,249.7,"II, ABP, ICP"
3487247_0003,6,125.0,7125,0.9,"RESP, PLETH, ICP, II, V, AVR"
3490862_0215,7,125.0,297625,39.7,"PLETH, RESP, II, III, V, ABP, ICP"
3490862_0314,7,125.0,125,0.0,"RESP, ICP, PLETH, ABP, II, III, V"
3490862_0328,7,125.0,125,0.0,"RESP, ICP, PLETH, ABP, II, III, V"
3490862_0398,7,125.0,125,0.0,"RESP, ICP, PLETH, ABP, II, III, V"
3495214_0012,7,125.0,33250,4.4,"ICP, IC2, PLETH, ABP, II, V, AVR"
3495214_0084,8,125.0,125,0.0,"IC2, PLETH, CVP, ABP, ICP, II, V, AVR"
3495214_0168,8,125.0,1522125,202.9,"IC2, PLETH, CVP, ABP, ICP, II, V, AVR"
3495214_0195,8,125.0,125,0.0,"IC2, ICP, PLETH, CVP, ABP, II, V, AVR"
3495214_0198,8,125.0,125,0.0,"IC2, ICP, PLETH, CVP, ABP, II, V, AVR"
3497376_0005,6,125.0,1000,0.1,"ABP, PLETH, ICP, II, V, AVR"
3514717_0036,3,125.0,125,0.0,"RESP, ICP, ABP"
3543187_0039,8,125.0,125,0.0,"RESP, PLETH, II, III, V, ABP, ICP, CVP"
3546205_0021,2,125.0,125,0.0,"ABP, ICP"
3547470_0020,7,125.0,36500,4.9,"II, V, AVR, RESP, ABP, PLETH, ICP"
3547470_0027,7,125.0,125,0.0,"II, V, AVR, RESP, ABP, PLETH, ICP"
3547470_0083,7,125.0,56375,7.5,"II, V, AVR, RESP, ABP, PLETH, ICP"
3547470_0154,7,125.0,125,0.0,"II, V, AVR, PLETH, RESP, ABP, ICP"
3547470_0168,7,125.0,252125,33.6,"II, V, AVR, PLETH, RESP, ABP, ICP"
3547470_0224,7,125.0,125,0.0,"II, V, AVR, PLETH, RESP, ABP, ICP"
3547470_0262,7,125.0,125,0.0,"II, V, AVR, PLETH, RESP, ABP, ICP"
3547470_0313,7,125.0,125,0.0,"II, V, AVR, PLETH, RESP, ABP, ICP"
3547470_0362,7,125.0,125,0.0,"RESP, PLETH, ICP, ABP, II, V, AVR"
3547470_0423,7,125.0,12000,1.6,"RESP, PLETH, ICP, ABP, II, V, AVR"
3547470_0441,7,125.0,153375,20.4,"RESP, PLETH, ICP, ABP, II, V, AVR"
3547470_0465,7,125.0,25000,3.3,"RESP, PLETH, ICP, ABP, II, V, AVR"
3547470_0479,7,125.0,125,0.0,"RESP, PLETH, ICP, ABP, II, V, AVR"
3550907_0053,3,125.0,8993030,1199.1,"II, ABP, ICP"
3557187_0003,2,125.0,7500,1.0,"II, ICP"
3557193_0021,6,125.0,125,0.0,"PLETH, CVP, ABP, RESP, PAP, ICP"
3557193_0075,8,125.0,5125,0.7,"RESP, MCL, PAP, ICP, CVP, ABP, II, AVR"
3560571_0004,3,125.0,94319,12.6,"II, ABP, ICP"
3560571_0005,3,125.0,2125,0.3,"I, ABP, ICP"
3565412_0007,6,125.0,1250,0.2,"RESP, ABP, II, ICP, MCL, AVR"
3565412_0014,8,125.0,785625,104.8,"RESP, ABP, PLETH, II, ICP, MCL, AVR, CVP"
3572862_0029,3,125.0,750,0.1,"II, ABP, ICP"
3579192_0023,7,125.0,125,0.0,"RESP, ABP, PLETH, II, V, AVR, ICP"
3581831_0012,7,125.0,125,0.0,"PLETH, RESP, ICP, ABP, II, III, V"
3586040_0004,3,125.0,998640,133.2,"II, ABP, ICP"
3586040_0007,3,125.0,1280,0.2,"II, ABP, ICP"
3588253_0027,3,125.0,351250,46.8,"II, ABP, ICP"
3588253_0088,2,125.0,125,0.0,"ABP, ICP"
3588253_0100,3,125.0,443894,59.2,"II, ABP, ICP"
3592604_0006,2,125.0,125,0.0,"ABP, ICP"
3592604_0041,3,125.0,3407715,454.4,"II, ABP, ICP"
3592604_0056,2,125.0,125,0.0,"ABP, ICP"
3599266_0020,7,125.0,733250,97.8,"ABP, RESP, II, V, AVR, PLETH, ICP"
3600995_0157,6,125.0,125,0.0,"PLETH, RESP, II, V, AVR, ICP"
3600995_0189,6,125.0,1408000,187.7,"PLETH, RESP, II, V, AVR, ICP"
3600995_0310,6,125.0,51125,6.8,"RESP, II, V, AVR, ICP, PLETH"
3600995_0351,6,125.0,418875,55.9,"RESP, II, V, AVR, ICP, PLETH"
3600995_0463,6,125.0,125,0.0,"RESP, II, V, AVR, ICP, PLETH"
3600995_0554,6,125.0,125,0.0,"RESP, II, V, AVR, ICP, PLETH"
3600995_0572,6,125.0,43500,5.8,"RESP, II, V, AVR, ICP, PLETH"
3600995_0679,6,125.0,202750,27.0,"RESP, II, V, AVR, ICP, PLETH"
3600995_0687,6,125.0,125,0.0,"RESP, II, V, AVR, ICP, PLETH"
3600995_0796,6,125.0,29000,3.9,"RESP, ICP, PLETH, II, V, AVR"
3600995_0915,6,125.0,43000,5.7,"PLETH, RESP, ICP, II, V, AVR"
3600995_0997,6,125.0,125,0.0,"PLETH, RESP, ICP, II, V, AVR"
3600995_1020,5,125.0,18375,2.5,"RESP, ICP, II, V, AVR"
3600995_1067,6,125.0,125,0.0,"PLETH, RESP, ICP, II, V, AVR"
3600995_1094,6,125.0,125,0.0,"PLETH, RESP, ICP, II, V, AVR"
3600995_1105,6,125.0,112625,15.0,"PLETH, RESP, ICP, II, V, AVR"
3612374_0197,6,125.0,58125,7.8,"II, V, AVR, RESP, PLETH, ICP"
3620149_0021,7,125.0,1750,0.2,"RESP, II, MCL, AVR, PLETH, ABP, ICP"
3625525_0012,7,125.0,5042250,672.3,"RESP, PLETH, II, V, AVR, ABP, ICP"
3629298_0085,7,125.0,8375,1.1,"RESP, ICP, CVP, ABP, MCL, II, AVR"
3633292_0007,2,125.0,125,0.0,"ABP, ICP"
3633292_0020,3,125.0,47000,6.3,"II, ABP, ICP"
3633292_0034,3,125.0,4625,0.6,"II, ABP, ICP"
3640069_0155,6,125.0,988125,131.8,"RESP, PLETH, ICP, I, V, II"
3646209_0085,7,125.0,125,0.0,"RESP, ABP, ICP, PLETH, II, V, AVR"
3646209_0175,7,125.0,125,0.0,"RESP, ABP, ICP, PLETH, II, V, AVR"
3646209_0246,7,125.0,92250,12.3,"RESP, ABP, ICP, PLETH, II, V, AVR"
3648351_0043,2,125.0,125,0.0,"II, ICP"
3655233_0065,6,125.0,125,0.0,"PLETH, ICP, II, V, AVR, ABP"
3655233_0126,7,125.0,2875,0.4,"PLETH, RESP, ICP, II, V, AVR, ABP"
3655233_0144,7,125.0,750,0.1,"PLETH, RESP, ICP, III, V, II, ABP"
3655233_0182,6,125.0,4875,0.7,"RESP, ICP, II, V, AVR, ABP"
3655233_0194,7,125.0,1500,0.2,"RESP, ABP, PLETH, ICP, III, V, II"
3661419_0028,3,125.0,750,0.1,"II, ABP, ICP"
3662063_0100,6,125.0,125,0.0,"II, V, AVR, ABP, ICP, PLETH"
3671608_0030,3,125.0,9375,1.2,"I, ABP, ICP"
3672120_0113,8,125.0,401375,53.5,"ICP, RESP, ABP, II, V, AVR, PLETH, CVP"
3678161_0087,8,125.0,169250,22.6,"ABP, PLETH, ICP, RESP, II, V, AVR, CVP"
3678161_0105,8,125.0,27250,3.6,"ABP, PLETH, ICP, RESP, I, V, II, CVP"
3683556_0037,6,125.0,125,0.0,"PLETH, ICP, ABP, II, V, AVR"
3683556_0060,6,125.0,1719750,229.3,"PLETH, ICP, ABP, II, V, AVR"
3685492_0003,7,125.0,6324500,843.3,"RESP, PLETH, ABP, II, III, V, ICP"
3688184_0033,6,125.0,1716500,228.9,"RESP, ICP, PLETH, II, V, AVR"
3688184_0044,6,125.0,125,0.0,"RESP, PLETH, ICP, II, V, AVR"
3688532_0074,8,125.0,568750,75.8,"RESP, ABP, PLETH, ICP, II, AVF, V, CVP"
3696526_0114,7,125.0,76125,10.2,"RESP, ABP, ICP, PLETH, II, V, AVR"
3703987_0006,2,125.0,1250,0.2,"ABP, ICP"
3721988_0013,7,125.0,125,0.0,"PLETH, RESP, ABP, ICP, II, V, AVR"
3722686_0032,7,125.0,1900500,253.4,"PLETH, RESP, ICP, ABP, II, V, AVR"
3738640_0023,8,125.0,12250,1.6,"CVP, RESP, ICP, ABP, ART, II, V, AVR"
3738640_0128,8,125.0,1625,0.2,"RESP, ICP, PLETH, ABP, II, V, AVR, CVP"
3738640_0212,7,125.0,237625,31.7,"RESP, PLETH, ABP, ICP, II, V, AVR"
3738640_0230,8,125.0,750125,100.0,"RESP, ICP, PLETH, ABP, II, V, AVR, CVP"
3740074_0035,7,125.0,125,0.0,"ABP, ICP, UAP, II, V, AVR, PLETH"
3740074_0043,8,125.0,3125,0.4,"UAP, RESP, ABP, PLETH, ICP, II, V, AVR"
3750313_0002,7,125.0,500,0.1,"PLETH, RESP, ABP, ICP, II, V, AVR"
3750953_0012,2,125.0,1408,0.2,"II, ICP"
3750953_0073,3,125.0,4736,0.6,"II, ABP, ICP"
3759994_0040,4,125.0,630,0.1,"II, ABP, ICP, RESP"
3759994_0050,4,125.0,128,0.0,"II, ABP, ICP, RESP"
3761570_0008,5,125.0,15875,2.1,"RESP, V, III, II, ICP"
3761570_0011,7,125.0,250,0.0,"RESP, V, III, II, ICP, PLETH, ABP"
3765008_0023,7,125.0,1004625,133.9,"PLETH, RESP, II, III, V, ABP, ICP"
3765237_0018,4,125.0,1152,0.2,"II, ABP, PLETH, ICP"
3774557_0008,7,125.0,10250,1.4,"RESP, ICP, ABP, CVP, II, V, AVR"
3774557_0009,8,125.0,15250,2.0,"RESP, ICP, ABP, PLETH, CVP, II, V, AVR"
3775085_0002,7,125.0,125,0.0,"ABP, RESP, ICP, II, V, AVR, PLETH"
3775085_0026,7,125.0,2371875,316.2,"ABP, RESP, ICP, II, V, AVR, PLETH"
3775085_0085,7,125.0,1083500,144.5,"RESP, ART, PLETH, V, II, AVR, ICP"
3777766_0013,6,125.0,1150750,153.4,"ICP, PLETH, II, V, AVR, ABP"
3781713_0009,8,125.0,4979625,664.0,"CVP, RESP, ICP, PLETH, ABP, II, V, AVR"
3781713_0010,8,125.0,125,0.0,"CVP, RESP, ICP, PLETH, ABP, II, V, AVR"
3781713_0068,7,125.0,89750,12.0,"ABP, ICP, PLETH, II, V, AVR, RESP"
3787836_0100,8,125.0,125,0.0,"PLETH, RESP, ABP, II, V, AVR, ICP, CVP"
3787836_0118,8,125.0,125,0.0,"PLETH, RESP, ABP, II, V, AVR, ICP, CVP"
3787836_0268,8,125.0,125,0.0,"RESP, ABP, ICP, PLETH, II, V, AVR, CVP"
3787836_0278,8,125.0,125,0.0,"RESP, ABP, ICP, PLETH, II, V, AVR, CVP"
3787836_0417,8,125.0,125,0.0,"RESP, ABP, ICP, PLETH, II, V, AVR, CVP"
3787836_0474,8,125.0,125,0.0,"RESP, ABP, ICP, PLETH, II, V, AVR, CVP"
3787836_0521,8,125.0,125,0.0,"RESP, ABP, ICP, PLETH, II, V, AVR, CVP"
3787836_0532,8,125.0,125,0.0,"RESP, ABP, ICP, PLETH, II, V, AVR, CVP"
3787836_0536,8,125.0,125,0.0,"RESP, ABP, ICP, PLETH, II, V, AVR, CVP"
3790826_0039,6,125.0,750,0.1,"ABP, PLETH, V, III, II, ICP"
3792781_0011,1,125.0,625,0.1,ICP
3799877_0125,3,125.0,384,0.1,"II, ABP, ICP"
3799877_0157,1,125.0,125,0.0,ICP
3801175_0031,3,125.0,128,0.0,"V, ABP, ICP"
3801668_0054,7,125.0,125,0.0,"RESP, ABP, ICP, PLETH, II, V, AVR"
3801668_0115,7,125.0,125,0.0,"RESP, ABP, ICP, PLETH, II, V, AVR"
3801668_0127,7,125.0,125,0.0,"RESP, ABP, ICP, PLETH, II, V, AVR"
3801668_0155,7,125.0,125,0.0,"RESP, ABP, ICP, PLETH, II, V, AVR"
3803081_0006,7,125.0,125,0.0,"ICP, ABP, RESP, ART, II, V, AVR"
3804391_0005,3,125.0,3712,0.5,"II, ABP, ICP"
3804979_0017,1,125.0,125,0.0,ICP
3817358_0015,5,125.0,116000,15.5,"II, ICP, PLETH, ABP, RESP"
3817358_0021,4,125.0,125,0.0,"II, ICP, PLETH, RESP"
3817358_0026,6,125.0,924000,123.2,"II, ICP, PLETH, V, RESP, AVR"
3818171_0183,7,125.0,28625,3.8,"RESP, II, V, AVR, ABP, PLETH, ICP"
3818171_0201,7,125.0,66000,8.8,"RESP, II, V, AVR, ABP, PLETH, ICP"
3818171_0234,7,125.0,95500,12.7,"RESP, II, V, AVR, ABP, PLETH, ICP"
3818171_0265,7,125.0,125,0.0,"RESP, II, V, AVR, ABP, PLETH, ICP"
3818171_0312,7,125.0,193250,25.8,"RESP, II, V, AVR, ABP, PLETH, ICP"
3818171_0362,7,125.0,125,0.0,"RESP, II, V, AVR, ABP, PLETH, ICP"
3818171_0439,7,125.0,125,0.0,"RESP, II, V, AVR, ABP, PLETH, ICP"
3818171_0563,7,125.0,65750,8.8,"RESP, II, V, AVR, ABP, PLETH, ICP"
3818171_0572,7,125.0,57375,7.7,"RESP, II, V, AVR, ABP, PLETH, ICP"
3818171_0645,7,125.0,125,0.0,"RESP, II, V, AVR, ABP, PLETH, ICP"
3818171_0646,7,125.0,125,0.0,"RESP, II, V, AVR, ABP, PLETH, ICP"
3818171_0720,7,125.0,125,0.0,"RESP, II, V, AVR, ABP, PLETH, ICP"
3818171_0826,6,125.0,125,0.0,"RESP, ABP, II, V, AVR, ICP"
3818171_0839,7,125.0,125,0.0,"RESP, ABP, PLETH, II, V, AVR, ICP"
3818171_0846,7,125.0,87625,11.7,"RESP, ABP, PLETH, II, V, AVR, ICP"
3818171_0954,7,125.0,58250,7.8,"RESP, ABP, PLETH, II, V, AVR, ICP"
3818171_0993,7,125.0,44000,5.9,"RESP, ABP, PLETH, II, V, AVR, ICP"
3818171_1032,7,125.0,14125,1.9,"RESP, ABP, PLETH, II, V, AVR, ICP"
3818171_1034,7,125.0,125,0.0,"RESP, ABP, PLETH, II, V, AVR, ICP"
3818171_1055,7,125.0,27750,3.7,"RESP, ABP, PLETH, II, V, AVR, ICP"
3818171_1174,7,125.0,125,0.0,"RESP, ABP, PLETH, II, V, AVR, ICP"
3818171_1247,7,125.0,6875,0.9,"RESP, ABP, PLETH, II, V, AVR, ICP"
3818171_1314,7,125.0,125,0.0,"RESP, ABP, PLETH, II, V, AVR, ICP"
3819801_0048,6,125.0,4625,0.6,"RESP, ICP, PLETH, II, V, AVR"
3819801_0051,7,125.0,149125,19.9,"RESP, ICP, PLETH, ABP, II, V, AVR"
3823372_0046,7,125.0,74125,9.9,"RESP, ABP, PLETH, ICP, II, V, AVR"
3823372_0058,7,125.0,125,0.0,"RESP, ABP, PLETH, ICP, II, V, AVR"
3825747_0023,7,125.0,2624375,349.9,"PLETH, RESP, ICP, ABP, II, III, V"
3826249_0015,7,125.0,9625,1.3,"RESP, II, V, AVR, PLETH, ABP, ICP"
3828159_0037,5,125.0,107750,14.4,"ICP, II, III, V, RESP"
3830892_0005,1,125.0,24625,3.3,ICP
3832741_0012,6,125.0,125,0.0,"RESP, II, MCL, AVR, PLETH, ICP"
3832741_0062,6,125.0,125,0.0,"PLETH, II, MCL, AVR, RESP, ICP"
3832741_0070,6,125.0,125,0.0,"PLETH, II, MCL, AVR, RESP, ICP"
3832741_0084,6,125.0,881500,117.5,"PLETH, II, MCL, AVR, RESP, ICP"
3832741_0114,6,125.0,125,0.0,"PLETH, II, MCL, AVR, RESP, ICP"
3832741_0179,6,125.0,714625,95.3,"RESP, ICP, PLETH, II, MCL, AVR"
3833860_0003,3,125.0,1875,0.2,"II, ABP, ICP"
3833860_0016,4,125.0,3614500,481.9,"II, ABP, PLETH, ICP"
3835275_0363,6,125.0,125,0.0,"RESP, PLETH, ICP, II, V, AVR"
3835275_0391,6,125.0,125,0.0,"RESP, PLETH, ICP, II, V, AVR"
3835275_0487,6,125.0,35875,4.8,"PLETH, RESP, ICP, II, V, AVR"
3835275_0670,7,125.0,125,0.0,"PLETH, RESP, ICP, II, V, AVR, ABP"
3835275_0709,7,125.0,125,0.0,"PLETH, RESP, ICP, II, V, AVR, ABP"
3839885_0010,7,125.0,3073875,409.9,"ICP, RESP, PLETH, II, III, V, ABP"
3839885_0055,7,125.0,125,0.0,"RESP, ICP, ABP, II, V, AVR, PLETH"
3846431_0031,8,125.0,125,0.0,"CVP, RESP, ICP, PLETH, ABP, II, V, AVR"
3846431_0064,8,125.0,125,0.0,"CVP, RESP, ICP, PLETH, ABP, II, V, AVR"
3846431_0079,8,125.0,125,0.0,"CVP, RESP, ICP, PLETH, ABP, II, V, AVR"
3857144_0094,6,125.0,125,0.0,"II, V, AVR, PLETH, RESP, ICP"
3857144_0129,6,125.0,3125,0.4,"II, V, AVR, PLETH, RESP, ICP"
3857144_0199,6,125.0,125,0.0,"II, V, AVR, PLETH, RESP, ICP"
3857144_0240,6,125.0,125,0.0,"II, V, AVR, PLETH, RESP, ICP"
3857144_0243,6,125.0,125,0.0,"II, V, AVR, PLETH, RESP, ICP"
3857144_0552,6,125.0,196000,26.1,"RESP, II, V, AVR, ICP, PLETH"
3858056_0012,2,125.0,66896,8.9,"II, ICP"
3858056_0017,2,125.0,2400250,320.0,"II, ICP"
3858954_0029,2,125.0,125,0.0,"ABP, ICP"
3863633_0010,3,125.0,916859,122.2,"II, ABP, ICP"
3882018_0048,3,125.0,532608,71.0,"II, ABP, ICP"
3896221_0006,1,125.0,125,0.0,ICP
3896221_0078,2,125.0,3375,0.5,"II, ICP"
3896221_0097,2,125.0,750,0.1,"II, ICP"
3896221_0112,2,125.0,875,0.1,"II, ICP"
3896668_0001,2,125.0,3125,0.4,"II, ICP"
3896668_0092,3,125.0,563276,75.1,"II, ABP, ICP"
3899354_0055,7,125.0,34875,4.7,"RESP, ABP, PLETH, ICP, II, V, AVR"
3899354_0064,7,125.0,13875,1.9,"RESP, ABP, PLETH, ICP, II, V, AVR"
3906346_0058,7,125.0,125,0.0,"RESP, ABP, PLETH, ICP, II, V, AVR"
3910083_0023,7,125.0,125,0.0,"ART, RESP, PLETH, II, V, AVR, CO2"
3914331_0028,5,125.0,5000,0.7,"RESP, II, V, AVR, ICP"
3914331_0040,6,125.0,46375,6.2,"RESP, PLETH, II, V, AVR, ICP"
3914331_0041,6,125.0,125,0.0,"RESP, PLETH, II, V, AVR, ICP"
3914331_0084,6,125.0,2308875,307.9,"RESP, ICP, PLETH, II, V, AVR"
3915537_0004,2,125.0,2654972,354.0,"II, ICP"
3916757_0009,7,125.0,125,0.0,"ICP, PLETH, RESP, II, V, AVR, CVP"
3916757_0017,7,125.0,8750,1.2,"CVP, II, V, AVR, RESP, ICP, PLETH"
3916757_0389,8,125.0,375,0.1,"CVP, II, V, AVR, RESP, ICP, PLETH, ABP"
3916757_0408,8,125.0,1250,0.2,"CVP, RESP, ABP, ICP, PLETH, II, V, AVR"
3916757_0423,7,125.0,9250,1.2,"II, V, AVR, RESP, ABP, ICP, PLETH"
3916757_0570,8,125.0,27375,3.6,"II, V, AVR, RESP, ABP, ICP, PLETH, CVP"
3916757_0619,8,125.0,125,0.0,"II, V, AVR, RESP, ABP, ICP, PLETH, CVP"
3916757_0684,8,125.0,46000,6.1,"II, V, AVR, RESP, ABP, ICP, PLETH, CVP"
3916757_0742,8,125.0,125,0.0,"II, V, AVR, RESP, ABP, ICP, PLETH, CVP"
3916757_0887,8,125.0,2750,0.4,"CVP, RESP, ABP, ICP, PLETH, II, V, AVR"
3916757_0997,8,125.0,125,0.0,"CVP, RESP, ABP, ICP, PLETH, II, V, AVR"
3916757_1018,8,125.0,35875,4.8,"CVP, RESP, ABP, PLETH, ICP, II, V, AVR"
3916757_1216,8,125.0,19625,2.6,"CVP, RESP, ABP, PLETH, ICP, II, V, AVR"
3922988_0003,3,125.0,29500,3.9,"II, ABP, ICP"
3922988_0047,3,125.0,451968,60.3,"II, ABP, ICP"
3939001_0015,3,125.0,3072,0.4,"II, ABP, ICP"
3939932_0159,2,125.0,625,0.1,"I, ICP"
3939932_0177,2,125.0,750,0.1,"II, ICP"
3947745_0028,4,125.0,2455122,327.3,"II, ABP, CVP, ICP"
3951979_0020,8,125.0,296750,39.6,"RESP, ABP, CVP, ICP, PLETH, II, III, V"
3959488_0039,2,125.0,125,0.0,"II, ICP"
3967374_0003,3,125.0,41375,5.5,"II, ABP, ICP"
3968020_0110,7,125.0,2906625,387.6,"PLETH, ICP, RESP, II, V, AVR, CVP"
3973721_0019,8,125.0,3045125,406.0,"RESP, ABP, ICP, II, V, AVR, PLETH, CVP"
3987518_0047,6,125.0,279000,37.2,"RESP, PLETH, ICP, II, V, AVR"
3990006_0015,7,125.0,310875,41.5,"RESP, V, III, II, PLETH, ICP, ABP"
p000895-2198-03-17-12-29n,30,0.0166666666667,2962,2962.0,"HR, ABPSys, ABPDias, ABPMean, PAPSys, PAPDias, PAPMean, CVP, PULSE, RESP, SpO2, CO2, ST_I, ST_II, ST_III, ST_AVR, ST_AVL, ST_AVF, ST_V1, ST_V2, ST_V3, ST_V4, ST_V5, ST_V6, NBPSys, NBPDias, NBPMean, PAWP, SpO2_AP, CO"
p000895-2198-06-20-16-11n,30,0.0166666666667,57,57.0,"HR, ABPSys, ABPDias, ABPMean, PAPSys, PAPDias, PAPMean, CVP, PULSE, RESP, SpO2, CO2, ST_I, ST_II, ST_III, ST_AVR, ST_AVL, ST_AVF, ST_V1, ST_V2, ST_V3, ST_V4, ST_V5, ST_V6, NBPSys, NBPDias, NBPMean, PAWP, SpO2_AP, CO"
p007881-2127-03-02-19-58n,53,0.0166666666667,210,210.0,"HR, PULSE, SYS, DIAS, MEAN, SYS, DIAS, MEAN, RESP, AWRR, T1, EtCO2, IMCO2, ST-III, ST-V, %SpO2, [63131], Count, Count, Count, Count, Count, Count, Count, Count, Count, Count, Count, Max, Min, Count, Max, Min, Count, Count, Max, Min, Run, Count, Count, Count, Count, Count, Percent, Percent, Variability, Signal, Percent, Percent, Percent, Percent, Percent, Percent"
p027833-2150-02-27-17-29n,33,1.0,921515,15358.6,"HR, PULSE, ABP, Sys, Dias, Mean, CVP, CVP_1/3, CVP_2/3, CVP_3/3, ICP, ART, Sys, Dias, Mean, NBP, Sys, Dias, Mean, RESP, SpO2, P1, Sys, Dias, Mean, UAP, Sys, Dias, Mean, Minute, Status, Status, Count"
p042995-2178-08-21-16-02n,29,1.0,89536,1492.3,"HR, PULSE, ICP, ART, Sys, Dias, Mean, NBP, Sys, Dias, Mean, AOBP, Sys, Dias, Mean, RESP, I, II, III, AVR, AVL, AVF, V, MCL, SpO2, Minute, Status, Status, Count"
p053639-2180-04-19-15-01n,21,1.0,81218,1353.6,"HR, PULSE, ABP, Sys, Dias, Mean, ICP, ART, Sys, Dias, Mean, RESP, I, II, III, AVR, AVL, AVF, V, SpO2, CPP"
p055730-2113-04-06-16-27n,21,1.0,413068,6884.5,"HR, PULSE, ABP, Sys, Dias, Mean, CVP, ICP, NBP, Sys, Dias, Mean, RESP, III, V, SpO2, CPP, Minute, Status, Status, Count"
p061213-2148-11-11-11-48n,22,1.0,209300,3488.3,"HR, PULSE, ABP, Sys, Dias, Mean, CVP, PAP, Sys, Dias, Mean, ICP, Sys, Dias, Mean, RESP, BLOODT, SpO2, Minute, Status, Status, Count"
p063878-2111-11-04-14-28n,65,0.0166666666667,1271,1271.0,"HR, PULSE, SYS, DIAS, MEAN, CVP, ICP, SYS, DIAS, MEAN, SYS, DIAS, MEAN, RESP, AWRR, EtCO2, IMCO2, ST-I, ST-II, ST-III, ST-aVR, ST-aVL, ST-aVF, ST-V, ST-MCL, %SpO2, CPP, PlsNBP, [63131], Count, Count, Count, Count, Count, Count, Count, Count, Count, Count, Count, Max, Min, Count, Max, Min, Count, Count, Max, Min, Run, Count, Count, Count, Count, Count, Percent, Percent, Variability, Signal, Percent, Percent, Percent, Percent, Percent, Percent"
p065112-2194-08-07-18-32n,58,0.0166666666667,6088,6088.0,"HR, PULSE, SYS, DIAS, MEAN, CVP, ICP, SYS, DIAS, MEAN, SYS, DIAS, MEAN, RESP, ST-III, ST-V, %SpO2, CPP, Trect, Tesoph, PlsNBP, [63131], Count, Count, Count, Count, Count, Count, Count, Count, Count, Count, Count, Max, Min, Count, Max, Min, Count, Count, Max, Min, Run, Count, Count, Count, Count, Count, Percent, Percent, Variability, Signal, Percent, Percent, Percent, Percent, Percent, Percent"
p067343-2179-05-16-22-46n,52,0.0166666666667,203,203.0,"HR, PULSE, SYS, DIAS, MEAN, ICP, SYS, DIAS, MEAN, RESP, ST-III, ST-V, %SpO2, CPP, PlsNBP, [63131], Count, Count, Count, Count, Count, Count, Count, Count, Count, Count, Count, Max, Min, Count, Max, Min, Count, Count, Max, Min, Run, Count, Count, Count, Count, Count, Percent, Percent, Variability, Signal, Percent, Percent, Percent, Percent, Percent, Percent"
p070723-2163-11-18-16-28n,15,1.0,158241,2637.3,"HR, PULSE, ABP, Sys, Dias, Mean, CVP, ICP, RESP, SpO2, CPP, Minute, Status, Status, Count"
p072908-2128-02-24-15-44n,17,1.0,168654,2810.9,"HR, PULSE, ABP, Sys, Dias, Mean, ICP, Sys, Dias, Mean, RESP, SpO2, CPP, Minute, Status, Status, Count"
p076012-2161-01-18-18-04n,13,1.0,246269,4104.5,"HR, PULSE, ICP, NBP, Sys, Dias, Mean, RESP, SpO2, Minute, Status, Status, Count"
p080675-2112-06-09-11-24n,59,0.0166666666667,2,2.0,"HR, PULSE, SYS, DIAS, MEAN, CVP, SYS, DIAS, MEAN, SYS, DIAS, MEAN, SYS, DIAS, MEAN, RESP, EtCO2, IMCO2, ST-III, ST-V, %SpO2, PlsNBP, [63131], Count, Count, Count, Count, Count, Count, Count, Count, Count, Count, Count, Max, Min, Count, Max, Min, Count, Count, Max, Min, Run, Count, Count, Count, Count, Count, Percent, Percent, Variability, Signal, Percent, Percent, Percent, Percent, Percent, Percent"
p083962-2194-02-09-21-03n,58,0.0166666666667,2759,2759.0,"HR, PULSE, SYS, DIAS, MEAN, CVP, SYS, DIAS, MEAN, ICP, SYS, DIAS, MEAN, RESP, T1, ST-III, ST-V, %SpO2, CPP, Tcereb, PlsNBP, [63131], Count, Count, Count, Count, Count, Count, Count, Count, Count, Count, Count, Max, Min, Count, Max, Min, Count, Count, Max, Min, Run, Count, Count, Count, Count, Count, Percent, Percent, Variability, Signal, Percent, Percent, Percent, Percent, Percent, Percent"
p089026-2142-07-28-15-49n,20,1.0,174449,2907.5,"HR, PULSE, ABP, Sys, Dias, Mean, CVP, ICP, Sys, Dias, Mean, RESP, III, V, SpO2, CPP, Minute, Status, Status, Count"
p093587-2162-06-09-16-52n,16,1.0,82015,1366.9,"HR, PULSE, ABP, Sys, Dias, Mean, ICP, Sys, Dias, Mean, RESP, SpO2, Minute, Status, Status, Count"
p097158-2165-08-03-10-26n,49,0.0166666666667,2923,2923.0,"HR, PULSE, SYS, DIAS, MEAN, ICP, RESP, ST-III, ST-V, %SpO2, CPP, Trect, [63131], Count, Count, Count, Count, Count, Count, Count, Count, Count, Count, Count, Max, Min, Count, Max, Min, Count, Count, Max, Min, Run, Count, Count, Count, Count, Count, Percent, Percent, Variability, Signal, Percent, Percent, Percent, Percent, Percent, Percent"
p097158-2165-08-27-09-49n,13,1.0,71,1.2,"HR, PULSE, ICP, Sys, Dias, Mean, RESP, III, V, SpO2, Minute, Status, Status"
p099464-2146-03-30-03-55n,52,0.0166666666667,9454,9454.0,"HR, PULSE, SYS, DIAS, MEAN, ICP, SYS, DIAS, MEAN, RESP, ST-III, ST-V, %SpO2, CPP, PlsNBP, [63131], Count, Count, Count, Count, Count, Count, Count, Count, Count, Count, Count, Max, Min, Count, Max, Min, Count, Count, Max, Min, Run, Count, Count, Count, Count, Count, Percent, Percent, Variability, Signal, Percent, Percent, Percent, Percent, Percent, Percent"
